"","model-shift","table","test_cat","test_name","slope","p-val","slope-no-extreme","p-val-no-extreme"
"1","model 17 vs 1","adni","","MMSE.bl","0.0143617998045662","0.0827132464260716","0.0140812990352214","0.323075415846476"
"2","model 17 vs 1","adni","","CDRSB.bl","-0.0103285547676575","0.0410036945731078","-0.0125558957907753","0.139442168635653"
"3","model 17 vs 1","adni","","EcogSPTotal.bl","-0.00401096780202205","0.183508721000708","-0.00297931480519697","0.558874065773239"
"4","model 17 vs 1","adni","","ADAS13.bl","-0.0814332612282894","0.00847711825264247","-0.097160662341912","0.0626067585980832"
"5","model 17 vs 1","adni","","MOCA.bl","0.0197687333221516","0.215072668411227","0.0629778518971986","0.0184001609535548"
"6","model 17 vs 1","adni","","GDTOTAL.bl","0.00816007770410201","0.292105710091904","-0.0147781294304002","0.266901623699965"
"7","model 17 vs 1","adni","","PTAU.bl","-0.0873566867013156","0.238147082569573","-0.0208218921059524","0.865370266041688"
"8","model 17 vs 1","adni","","TAU.bl","-0.847299086820158","0.210557673763564","-0.319138054130765","0.774679569784486"
"9","model 17 vs 1","adni","","ABETA.bl","2.45771721666279","0.35321944415028","-1.11756387869344","0.801288921787627"
"10","model 17 vs 1","adni","","COMBINED PVALUES","8","0.00121747288182544","8","0.178417646226844"
"11","model 17 vs 1","adni","_memory","EcogSPMem.bl","-0.00636553800922905","0.117532441441214","-0.00701448993641628","0.305621858384393"
"12","model 17 vs 1","adni","_memory","MMSE_RECALL.bl","-0.00555802368731337","0.197503394246776","-0.00465932437720842","0.512273825796132"
"13","model 17 vs 1","adni","_memory","ADAS_MEMORY.bl","-0.0686371115050196","0.00959128586360661","-0.0669242455442663","0.131975990094389"
"14","model 17 vs 1","adni","_memory","MOCA_MEMORY.bl","0.0215552334359598","0.333110089676349","0.0564232862275102","0.129603414529699"
"15","model 17 vs 1","adni","_memory","CDMEMORY.bl","-0.00253920085597192","0.0846982696380672","-0.00189072715534972","0.443450601782187"
"16","model 17 vs 1","adni","_memory","COMBINED PVALUES","5","0.00283559079193766","5","0.100040427719832"
"17","model 17 vs 1","adni","_language","EcogSPLang.bl","-0.00133690104820515","0.680138505220449","0.000822415611892862","0.88098773123403"
"18","model 17 vs 1","adni","_language","MMSE_LANGUAGE.bl","-0.00229643381531951","0.436925184708462","0.00282484389911737","0.562967364121848"
"19","model 17 vs 1","adni","_language","ADAS_LANGUAGE.bl","-0.0051742484041519","0.212040001798715","-0.0133443786702029","0.065864763561108"
"20","model 17 vs 1","adni","_language","MOCA_LANGUAGE.bl","-0.0159427257997029","0.547839073899377","-0.0247314078756897","0.581195497290113"
"21","model 17 vs 1","adni","_language","COMBINED PVALUES","4","0.42664534231959","4","0.50719492151317"
"22","model 17 vs 1","adni","_orientation","MMSE_ORIENTATION.bl","-0.00182614639837028","0.624884026769884","-0.0047895119388822","0.455857291554642"
"23","model 17 vs 1","adni","_orientation","ADAS_ORIENTATION.bl","0.00042447179418405","0.90819803180042","-0.000278243587259975","0.965850659965794"
"24","model 17 vs 1","adni","_orientation","MOCA_ORIENTATION.bl","0.00104226876683282","0.706153253234704","0.00220225645376353","0.649718909853905"
"25","model 17 vs 1","adni","_orientation","CDORIENT.bl","-0.00270439384053223","0.0452353236170676","-0.00353764650734611","0.121842678609568"
"26","model 17 vs 1","adni","_orientation","COMBINED PVALUES","4","0.598190966977932","4","0.679193959218619"
"27","model 17 vs 1","adni","_visuospatial","EcogSPVisspat.bl","-0.00615998949218721","0.0219639171892523","-0.00331986848073297","0.463989914959214"
"28","model 17 vs 1","adni","_visuospatial","ADAS_VISUOSPATIAL.bl","3.22356258936714e-05","0.991362682844151","-0.00216521220543212","0.666842899005307"
"29","model 17 vs 1","adni","_visuospatial","MOCA_VISUOSPATIAL.bl","0.0110542146734211","0.0329420724783868","0.00844359147875236","0.340098934660929"
"30","model 17 vs 1","adni","_visuospatial","COMBINED PVALUES","3","0.197512196046907","3","0.48356651854253"
"31","model 17 vs 1","adni","_execfunc","EcogSPEF.bl","-0.00509852690127024","0.101688566393837","-0.00520663707437171","0.330126105598668"
"32","model 17 vs 1","adni","_execfunc","MMSE_ATTCALC.bl","-0.00232310278684149","0.606669461900835","-0.0011865054648202","0.881037476027858"
"33","model 17 vs 1","adni","_execfunc","MOCA_EF.bl","0.00205791959640792","0.828898972131491","0.0156416830140377","0.329924928173592"
"34","model 17 vs 1","adni","_execfunc","CDJUDGE.bl","-0.00104040692177309","0.470438922903809","-0.00277615279832052","0.249213021059199"
"35","model 17 vs 1","adni","_execfunc","COMBINED PVALUES","4","0.474946341908884","4","0.425347242299481"
"36","model 17 vs 2","adni","","MMSE.bl","0.0166264327499657","0.0664979370112026","0.00423622980364744","0.777364651028294"
"37","model 17 vs 2","adni","","CDRSB.bl","-0.0104974633849007","0.0571575222375569","-0.00826028645400604","0.354003457925738"
"38","model 17 vs 2","adni","","EcogSPTotal.bl","-0.00458017723264841","0.163006808426634","-0.00145535631086107","0.785047388997874"
"39","model 17 vs 2","adni","","ADAS13.bl","-0.0751432773920819","0.0265508872438052","-0.0801907444704879","0.146050091509129"
"40","model 17 vs 2","adni","","MOCA.bl","0.0210754354246355","0.22721256390993","0.0417331096143052","0.134006952104656"
"41","model 17 vs 2","adni","","GDTOTAL.bl","0.00490621709956976","0.562992653395245","-0.00370607184541872","0.795088040710274"
"42","model 17 vs 2","adni","","PTAU.bl","-0.0989922760070014","0.217636471645523","-0.181472999741933","0.153206008442992"
"43","model 17 vs 2","adni","","TAU.bl","-0.907655819511029","0.216010304768546","-1.72937456917625","0.137663857041428"
"44","model 17 vs 2","adni","","ABETA.bl","3.92040595418159","0.173247757646341","-0.890405568705838","0.847596316905442"
"45","model 17 vs 2","adni","","COMBINED PVALUES","8","0.00213055628604397","8","0.347649026784977"
"46","model 17 vs 2","adni","_memory","EcogSPMem.bl","-0.00627212210596088","0.157134857027536","-0.00349739231160344","0.625882460441102"
"47","model 17 vs 2","adni","_memory","MMSE_RECALL.bl","-0.00759366283707622","0.107896025332065","-0.00590218299827198","0.444264889500021"
"48","model 17 vs 2","adni","_memory","ADAS_MEMORY.bl","-0.0685311429010189","0.0178885807090574","-0.0667702747901677","0.156663178533929"
"49","model 17 vs 2","adni","_memory","MOCA_MEMORY.bl","0.0271593446306804","0.265975196686728","0.0536875041592555","0.166624267723778"
"50","model 17 vs 2","adni","_memory","CDMEMORY.bl","-0.00234333663843241","0.144764343388831","-0.00049761724366444","0.848546908742548"
"51","model 17 vs 2","adni","_memory","COMBINED PVALUES","5","0.0035121932516244","5","0.366158770032011"
"52","model 17 vs 2","adni","_language","EcogSPLang.bl","-0.00344008278402656","0.331885164344135","-0.000571291811803068","0.922177520602135"
"53","model 17 vs 2","adni","_language","MMSE_LANGUAGE.bl","-0.00361475546267651","0.26342756833172","0.000284748843754299","0.95526295024393"
"54","model 17 vs 2","adni","_language","ADAS_LANGUAGE.bl","-0.00361669066708434","0.425307255884402","-0.00643348496326983","0.40004632253252"
"55","model 17 vs 2","adni","_language","MOCA_LANGUAGE.bl","-0.0199535423597653","0.491955421357926","-0.0281962294717918","0.553278521579341"
"56","model 17 vs 2","adni","_language","COMBINED PVALUES","4","0.261732266124535","4","0.933113243121154"
"57","model 17 vs 2","adni","_orientation","MMSE_ORIENTATION.bl","0.000331748612421976","0.935279445499473","-0.000834383254029557","0.903095816503963"
"58","model 17 vs 2","adni","_orientation","ADAS_ORIENTATION.bl","0.00207300679181378","0.607729581936653","0.00507890329784099","0.458477111439015"
"59","model 17 vs 2","adni","_orientation","MOCA_ORIENTATION.bl","-0.000625147081267153","0.83597027140693","-0.000800479534047884","0.875064662137803"
"60","model 17 vs 2","adni","_orientation","CDORIENT.bl","-0.00242116242671921","0.101071140268863","-0.00128596302820285","0.601509803515234"
"61","model 17 vs 2","adni","_orientation","COMBINED PVALUES","4","0.772207686385813","4","0.903460129479644"
"62","model 17 vs 2","adni","_visuospatial","EcogSPVisspat.bl","-0.00637604333261382","0.0296925441989644","-0.00239930336721348","0.612533359337734"
"63","model 17 vs 2","adni","_visuospatial","ADAS_VISUOSPATIAL.bl","0.0013178816830922","0.685865587273982","0.00273016537079619","0.597449610518527"
"64","model 17 vs 2","adni","_visuospatial","MOCA_VISUOSPATIAL.bl","0.0114818012173057","0.0428746625473833","0.00719543461489695","0.439112313496204"
"65","model 17 vs 2","adni","_visuospatial","COMBINED PVALUES","3","0.035851328619007","3","0.586706425103297"
"66","model 17 vs 2","adni","_execfunc","EcogSPEF.bl","-0.00537076492951025","0.114220993106621","-0.00335189956021911","0.539527111850903"
"67","model 17 vs 2","adni","_execfunc","MMSE_ATTCALC.bl","-0.00307873526031422","0.532935497104838","0.00485858894777079","0.52695363077971"
"68","model 17 vs 2","adni","_execfunc","MOCA_EF.bl","-0.0002117657028589","0.98378239781687","0.00882856716746207","0.598048865215123"
"69","model 17 vs 2","adni","_execfunc","CDJUDGE.bl","-0.00105580339989985","0.502893164479964","-0.00250194829270832","0.33096912968583"
"70","model 17 vs 2","adni","_execfunc","COMBINED PVALUES","4","0.6957666941955","4","0.495595370869614"
"71","model 17 vs 3","adni","","MMSE.bl","0.0182138347200314","0.0760221477730441","0.016363302780551","0.254761300596012"
"72","model 17 vs 3","adni","","CDRSB.bl","-0.0143656714582686","0.0214598790960498","-0.0162935852914163","0.0595800764122169"
"73","model 17 vs 3","adni","","EcogSPTotal.bl","-0.00635799557010842","0.0873813697383686","-0.00429971182974692","0.411560156798047"
"74","model 17 vs 3","adni","","ADAS13.bl","-0.0903579614843756","0.0182325420500382","-0.0605750979449913","0.252084497339139"
"75","model 17 vs 3","adni","","MOCA.bl","0.0163365887147929","0.406712909947197","0.00395783110894722","0.88235726642895"
"76","model 17 vs 3","adni","","GDTOTAL.bl","0.0129110224836031","0.178052410758159","0.00140036461852607","0.916267735323641"
"77","model 17 vs 3","adni","","PTAU.bl","-0.100983849381802","0.256368662337808","-0.0307797563225464","0.811366722952327"
"78","model 17 vs 3","adni","","TAU.bl","-0.897419967608695","0.269592865775704","-0.272422867245858","0.817566139195072"
"79","model 17 vs 3","adni","","ABETA.bl","1.31199026805967","0.680224449736502","-1.89755325021999","0.676189898750918"
"80","model 17 vs 3","adni","","COMBINED PVALUES","8","0.00266886143905876","8","0.703856093841844"
"81","model 17 vs 3","adni","_memory","EcogSPMem.bl","-0.00650057256133246","0.194939652863916","-0.00247610336226331","0.725558239190966"
"82","model 17 vs 3","adni","_memory","MMSE_RECALL.bl","-0.0109729265421472","0.0402671347611637","-0.00565979553938507","0.445251004643776"
"83","model 17 vs 3","adni","_memory","ADAS_MEMORY.bl","-0.0751657376812327","0.0219387975152155","-0.0459503754420556","0.311092252252427"
"84","model 17 vs 3","adni","_memory","MOCA_MEMORY.bl","0.0130531961405069","0.635400031491944","0.0140453492031746","0.711207849613012"
"85","model 17 vs 3","adni","_memory","CDMEMORY.bl","-0.0027681246077569","0.128161713011974","-0.00332464091468018","0.189135715226982"
"86","model 17 vs 3","adni","_memory","COMBINED PVALUES","5","0.00775702458958107","5","0.436900347404491"
"87","model 17 vs 3","adni","_language","EcogSPLang.bl","-0.00545697433723869","0.174160418146489","-0.00544275508578216","0.337938696728109"
"88","model 17 vs 3","adni","_language","MMSE_LANGUAGE.bl","-0.00165609863206711","0.650821611049617","-0.00353386349883544","0.484662990596875"
"89","model 17 vs 3","adni","_language","ADAS_LANGUAGE.bl","-0.0100536584528582","0.0499856811126328","-0.00879606741850569","0.216339814729794"
"90","model 17 vs 3","adni","_language","MOCA_LANGUAGE.bl","-0.0310862422259259","0.343904872536677","-0.0525633748874009","0.253786361660472"
"91","model 17 vs 3","adni","_language","COMBINED PVALUES","4","0.0970463396683183","4","0.17057569569861"
"92","model 17 vs 3","adni","_orientation","MMSE_ORIENTATION.bl","0.000281391962040009","0.951487168798455","0.000779388226690518","0.905733121123639"
"93","model 17 vs 3","adni","_orientation","ADAS_ORIENTATION.bl","0.00474903389579423","0.296320579549531","0.0113643962578502","0.0779267107885267"
"94","model 17 vs 3","adni","_orientation","MOCA_ORIENTATION.bl","-0.00498980994511813","0.142000741198087","-0.00936823300953719","0.050441364362593"
"95","model 17 vs 3","adni","_orientation","CDORIENT.bl","-0.00439660942317513","0.00848014351703555","-0.00569207172169712","0.0135714414696495"
"96","model 17 vs 3","adni","_orientation","COMBINED PVALUES","4","0.121554081936867","4","0.0240130915529897"
"97","model 17 vs 3","adni","_visuospatial","EcogSPVisspat.bl","-0.0084599449034439","0.0108483451078529","-0.00555563354339014","0.234795334118122"
"98","model 17 vs 3","adni","_visuospatial","ADAS_VISUOSPATIAL.bl","0.00119954302482566","0.744900969215081","-0.0036913570756882","0.468477961953923"
"99","model 17 vs 3","adni","_visuospatial","MOCA_VISUOSPATIAL.bl","0.0138887916078443","0.03028712412415","0.0120588754697337","0.176712822794112"
"100","model 17 vs 3","adni","_visuospatial","COMBINED PVALUES","3","0.021247786157293","3","0.15891300162717"
"101","model 17 vs 3","adni","_execfunc","EcogSPEF.bl","-0.0067708504043241","0.0793089990014214","-0.00482480901090736","0.378163086934109"
"102","model 17 vs 3","adni","_execfunc","MMSE_ATTCALC.bl","-0.00269008221978393","0.630332185925546","-0.00550397841464687","0.469465703147743"
"103","model 17 vs 3","adni","_execfunc","MOCA_EF.bl","0.0154814349323863","0.189169272813574","-0.00320139682475059","0.839823692531948"
"104","model 17 vs 3","adni","_execfunc","CDJUDGE.bl","-0.00246472603323506","0.167367753499663","-0.00302354778016474","0.220114367732754"
"105","model 17 vs 3","adni","_execfunc","COMBINED PVALUES","4","0.0719677582544875","4","0.467125502181732"
"106","model 17 vs 4","adni","","MMSE.bl","0.0249679774558399","0.0290185748177043","0.0231437898874118","0.126790596773771"
"107","model 17 vs 4","adni","","CDRSB.bl","-0.00897627866858956","0.196247355333404","-0.0153293430888185","0.0944104380832796"
"108","model 17 vs 4","adni","","EcogSPTotal.bl","-0.00669235805219605","0.105952125283644","-0.00937782227772778","0.0856318450363174"
"109","model 17 vs 4","adni","","ADAS13.bl","-0.0477070723310773","0.261159182467536","-0.071521460415955","0.19840254028577"
"110","model 17 vs 4","adni","","MOCA.bl","0.0109003588397207","0.621122696556693","0.0240494996179471","0.40132701175888"
"111","model 17 vs 4","adni","","GDTOTAL.bl","0.0080503485059574","0.450587849436899","0.0105955690079832","0.447666432279459"
"112","model 17 vs 4","adni","","PTAU.bl","-0.165783785707097","0.0950754799872994","-0.223079647285156","0.0996738828424677"
"113","model 17 vs 4","adni","","TAU.bl","-1.56577516957806","0.0844117874543341","-1.98540437863494","0.109017880512813"
"114","model 17 vs 4","adni","","ABETA.bl","1.70774331902215","0.630768016494598","-0.0335538446273929","0.994376951301017"
"115","model 17 vs 4","adni","","COMBINED PVALUES","8","0.0162131414087398","8","0.0568582462169259"
"116","model 17 vs 4","adni","_memory","EcogSPMem.bl","-0.00647215024464399","0.245556808533282","-0.0112771340259305","0.126521456264558"
"117","model 17 vs 4","adni","_memory","MMSE_RECALL.bl","-0.01311429981362","0.0274866702604544","-0.0139918560494318","0.0715461244446402"
"118","model 17 vs 4","adni","_memory","ADAS_MEMORY.bl","-0.0499362853012443","0.170444942782445","-0.0678696224960929","0.158870589726414"
"119","model 17 vs 4","adni","_memory","MOCA_MEMORY.bl","-0.0046395122806051","0.880240059445545","0.0172885270117365","0.668072226440813"
"120","model 17 vs 4","adni","_memory","CDMEMORY.bl","-0.00189822400451324","0.348527496794312","-0.00477997028098388","0.0736837022029331"
"121","model 17 vs 4","adni","_memory","COMBINED PVALUES","5","0.107452883370347","5","0.0193920190721757"
"122","model 17 vs 4","adni","_language","EcogSPLang.bl","-0.00552267346654934","0.215853190229426","-0.00657704853027677","0.269756582082933"
"123","model 17 vs 4","adni","_language","MMSE_LANGUAGE.bl","-0.0058938370970054","0.147540272951311","-0.00164686559809618","0.756743304285448"
"124","model 17 vs 4","adni","_language","ADAS_LANGUAGE.bl","0.00182267280224409","0.749167382534434","0.00676702956497775","0.341984904560304"
"125","model 17 vs 4","adni","_language","MOCA_LANGUAGE.bl","-0.0332067920765079","0.365118519782467","0.0239863862364094","0.6195570021141"
"126","model 17 vs 4","adni","_language","COMBINED PVALUES","4","0.225686710328147","4","0.495927103929806"
"127","model 17 vs 4","adni","_orientation","MMSE_ORIENTATION.bl","-0.000732496927441897","0.886907813358591","-0.00583140991607722","0.392382918539053"
"128","model 17 vs 4","adni","_orientation","ADAS_ORIENTATION.bl","0.00489959721660974","0.332799193962543","0.00362031516558711","0.586715428262867"
"129","model 17 vs 4","adni","_orientation","MOCA_ORIENTATION.bl","-0.0024330273494049","0.522841762910573","-0.0017800456245206","0.711272910396785"
"130","model 17 vs 4","adni","_orientation","CDORIENT.bl","-0.00427256424608934","0.021494671798792","-0.00715724348737128","0.00331898872457077"
"131","model 17 vs 4","adni","_orientation","COMBINED PVALUES","4","0.276176333388224","4","0.134430006363961"
"132","model 17 vs 4","adni","_visuospatial","EcogSPVisspat.bl","-0.00838606195554619","0.0233078001023479","-0.00848274435628399","0.0759693729699518"
"133","model 17 vs 4","adni","_visuospatial","ADAS_VISUOSPATIAL.bl","0.0015790951528151","0.700227850878145","0.000638136260723206","0.904577279369932"
"134","model 17 vs 4","adni","_visuospatial","MOCA_VISUOSPATIAL.bl","0.0141573900149104","0.0477226937641788","0.0115779932315176","0.215495832541936"
"135","model 17 vs 4","adni","_visuospatial","COMBINED PVALUES","3","0.0352799146764632","3","0.299229148433588"
"136","model 17 vs 4","adni","_execfunc","EcogSPEF.bl","-0.00623278018365612","0.151407230306779","-0.00832400717292217","0.140770675200202"
"137","model 17 vs 4","adni","_execfunc","MMSE_ATTCALC.bl","-0.00308255695876997","0.620079147116809","0.00243930777051252","0.768596204450475"
"138","model 17 vs 4","adni","_execfunc","MOCA_EF.bl","0.0121333561186485","0.357135238762739","0.0141952434805965","0.418527118314156"
"139","model 17 vs 4","adni","_execfunc","CDJUDGE.bl","-0.000875148137088694","0.659290806272641","-0.00229088838143118","0.385912688553538"
"140","model 17 vs 4","adni","_execfunc","COMBINED PVALUES","4","0.366866818386295","4","0.337556429519224"
"141","model 17 vs 5","adni","","MMSE.bl","0.018509371694617","0.0834143663617219","0.0109020101390556","0.490979620884063"
"142","model 17 vs 5","adni","","CDRSB.bl","-0.0153903322092426","0.0182632712779907","-0.0255875779606675","0.00739737299296684"
"143","model 17 vs 5","adni","","EcogSPTotal.bl","-0.00743006975672288","0.0554205662640676","-0.00775461398439671","0.171741974590194"
"144","model 17 vs 5","adni","","ADAS13.bl","-0.0652184032310201","0.100482601711806","-0.0749062287605085","0.192704877411153"
"145","model 17 vs 5","adni","","MOCA.bl","0.0165060957687647","0.421234955965816","0.0193918241857617","0.520037593500938"
"146","model 17 vs 5","adni","","GDTOTAL.bl","0.00447541791139715","0.654019028842378","0.00539854805448113","0.71332849699484"
"147","model 17 vs 5","adni","","PTAU.bl","-0.150265169891551","0.106889439249314","-0.291175096783158","0.0387276678663407"
"148","model 17 vs 5","adni","","TAU.bl","-1.32886919220148","0.11849559768457","-2.53655034248846","0.0483406814484515"
"149","model 17 vs 5","adni","","ABETA.bl","2.73599901401875","0.412762710752506","-0.993575844083419","0.841331920122055"
"150","model 17 vs 5","adni","","COMBINED PVALUES","8","0.00285354003931418","8","0.0278418579421463"
"151","model 17 vs 5","adni","_memory","EcogSPMem.bl","-0.0101073195403513","0.0534689927678295","-0.0159582063228324","0.0402316993043985"
"152","model 17 vs 5","adni","_memory","MMSE_RECALL.bl","-0.00702197318763618","0.206428936020369","-0.00886245766613729","0.272644955979639"
"153","model 17 vs 5","adni","_memory","ADAS_MEMORY.bl","-0.0628099545034786","0.0653924875785402","-0.0643198912997622","0.196311952582686"
"154","model 17 vs 5","adni","_memory","MOCA_MEMORY.bl","0.0172797587824506","0.547939045607443","0.0120129984847648","0.777949649466121"
"155","model 17 vs 5","adni","_memory","CDMEMORY.bl","-0.00344314462014929","0.0697439906113834","-0.00540605500726418","0.0503655228281854"
"156","model 17 vs 5","adni","_memory","COMBINED PVALUES","5","0.00889660575230883","5","0.0339022995462113"
"157","model 17 vs 5","adni","_language","EcogSPLang.bl","-0.00596018061050636","0.154001209323798","-0.00345419296025393","0.575156572844719"
"158","model 17 vs 5","adni","_language","MMSE_LANGUAGE.bl","-0.00417198212904813","0.273337377427769","0.00468409866343302","0.395335320391495"
"159","model 17 vs 5","adni","_language","ADAS_LANGUAGE.bl","0.000434797657931447","0.935035821100954","-0.00339038939297448","0.664243623187444"
"160","model 17 vs 5","adni","_language","MOCA_LANGUAGE.bl","-0.0118708276533476","0.728416676648037","0.00448718193893437","0.930403782121784"
"161","model 17 vs 5","adni","_language","COMBINED PVALUES","4","0.598753296300153","4","0.819504388852275"
"162","model 17 vs 5","adni","_orientation","MMSE_ORIENTATION.bl","-0.00507555721377943","0.292302509628914","-0.00417598414352083","0.559671933733193"
"163","model 17 vs 5","adni","_orientation","ADAS_ORIENTATION.bl","-0.0020283629632161","0.668821309740066","-0.0065747871374356","0.350159282329452"
"164","model 17 vs 5","adni","_orientation","MOCA_ORIENTATION.bl","0.00227191270298418","0.522837608074876","0.00581695490022599","0.255654411060102"
"165","model 17 vs 5","adni","_orientation","CDORIENT.bl","-0.00427684924302825","0.014013934442349","-0.00961499452853225","0.000165156737108001"
"166","model 17 vs 5","adni","_orientation","COMBINED PVALUES","4","0.130333796473226","4","0.0125156040456903"
"167","model 17 vs 5","adni","_visuospatial","EcogSPVisspat.bl","-0.00666051584292106","0.0542064262286617","-0.00479956004875876","0.332049046950359"
"168","model 17 vs 5","adni","_visuospatial","ADAS_VISUOSPATIAL.bl","0.00238016493976164","0.534796654636242","0.00915340394081587","0.102413458928979"
"169","model 17 vs 5","adni","_visuospatial","MOCA_VISUOSPATIAL.bl","0.00605688438734156","0.363663630819823","2.74811814376127e-05","0.997774510712484"
"170","model 17 vs 5","adni","_visuospatial","COMBINED PVALUES","3","0.140572657528327","3","0.745180509470069"
"171","model 17 vs 5","adni","_execfunc","EcogSPEF.bl","-0.00746190676908327","0.063741584668031","-0.00661905236072704","0.259106274349055"
"172","model 17 vs 5","adni","_execfunc","MMSE_ATTCALC.bl","0.00074130709552615","0.898559187086296","0.00192409611652953","0.826694824546983"
"173","model 17 vs 5","adni","_execfunc","MOCA_EF.bl","0.0104912411163534","0.392661959235296","0.0194691319529025","0.288766047855682"
"174","model 17 vs 5","adni","_execfunc","CDJUDGE.bl","-0.00194590002688707","0.295559115354198","-0.00491072610459817","0.0765025213089731"
"175","model 17 vs 5","adni","_execfunc","COMBINED PVALUES","4","0.298000202972253","4","0.19892855228069"
"176","model 17 vs 6","adni","","MMSE.bl","0.0261328834677224","0.0151337659126099","0.0220272958324956","0.162787775644389"
"177","model 17 vs 6","adni","","CDRSB.bl","-0.01304585011897","0.0468204582065592","-0.0192124800909766","0.0391747892515561"
"178","model 17 vs 6","adni","","EcogSPTotal.bl","-0.00767611338992645","0.0493263330140471","-0.0113292321722141","0.0445564586016594"
"179","model 17 vs 6","adni","","ADAS13.bl","-0.0884198260078974","0.0275006215504027","-0.084017800001293","0.145391711470216"
"180","model 17 vs 6","adni","","MOCA.bl","0.0301893160933607","0.144639381676698","0.0152911711356744","0.609624001718716"
"181","model 17 vs 6","adni","","GDTOTAL.bl","0.00707127722047608","0.481025328733438","0.0103016314524143","0.475351375110961"
"182","model 17 vs 6","adni","","PTAU.bl","-0.211831380764481","0.0237118911576615","-0.381405620519019","0.00501962483329577"
"183","model 17 vs 6","adni","","TAU.bl","-1.91368527326859","0.0253103579490185","-3.4350574745145","0.00604634283887819"
"184","model 17 vs 6","adni","","ABETA.bl","3.68128193617176","0.272903613344847","4.04134826374105","0.411910519528626"
"185","model 17 vs 6","adni","","COMBINED PVALUES","8","2.02200606864684e-05","8","0.000437212221374075"
"186","model 17 vs 6","adni","_memory","EcogSPMem.bl","-0.010051668495093","0.0563873989114717","-0.0102051494742516","0.180020987700327"
"187","model 17 vs 6","adni","_memory","MMSE_RECALL.bl","-0.00952682055759235","0.0883388685571936","-0.00922327619735624","0.247213657411336"
"188","model 17 vs 6","adni","_memory","ADAS_MEMORY.bl","-0.0798811313046076","0.0201513056901803","-0.0738725414074355","0.134005146823957"
"189","model 17 vs 6","adni","_memory","MOCA_MEMORY.bl","0.0229449530790145","0.427589123627853","0.014179567508856","0.739296575895746"
"190","model 17 vs 6","adni","_memory","CDMEMORY.bl","-0.00375405821655587","0.0495366130107765","-0.00356039616226892","0.189426316125134"
"191","model 17 vs 6","adni","_memory","COMBINED PVALUES","5","0.00114522245475481","5","0.0939074693041102"
"192","model 17 vs 6","adni","_language","EcogSPLang.bl","-0.00569910095700335","0.17591312251089","-0.01003511600891","0.104301558050396"
"193","model 17 vs 6","adni","_language","MMSE_LANGUAGE.bl","-0.00607732097968271","0.112219579126886","0.00117380215416256","0.828798265189105"
"194","model 17 vs 6","adni","_language","ADAS_LANGUAGE.bl","-0.00331017611308264","0.537527126250256","-0.0101601057231","0.201255614749469"
"195","model 17 vs 6","adni","_language","MOCA_LANGUAGE.bl","-0.0282713453298235","0.410849711089032","-0.0340544779866885","0.50336570772183"
"196","model 17 vs 6","adni","_language","COMBINED PVALUES","4","0.127454283320464","4","0.284899211324936"
"197","model 17 vs 6","adni","_orientation","MMSE_ORIENTATION.bl","-0.00388238559510631","0.423026115322131","-0.00138362283679521","0.846330517011804"
"198","model 17 vs 6","adni","_orientation","ADAS_ORIENTATION.bl","-0.000998578656427833","0.834243788563349","0.0041550797696594","0.556211197784762"
"199","model 17 vs 6","adni","_orientation","MOCA_ORIENTATION.bl","0.0009783017545474","0.784464358884047","-0.00234817211913512","0.642049103930003"
"200","model 17 vs 6","adni","_orientation","CDORIENT.bl","-0.00384107456675082","0.0282395148338842","-0.00582566193665618","0.0197075406088363"
"201","model 17 vs 6","adni","_orientation","COMBINED PVALUES","4","0.431906047011978","4","0.394793487036106"
"202","model 17 vs 6","adni","_visuospatial","EcogSPVisspat.bl","-0.00960373898501769","0.00574426568376165","-0.0142565638391262","0.00312793215628814"
"203","model 17 vs 6","adni","_visuospatial","ADAS_VISUOSPATIAL.bl","8.31132952816923e-05","0.982810961823992","0.00208055670116033","0.707863356841111"
"204","model 17 vs 6","adni","_visuospatial","MOCA_VISUOSPATIAL.bl","0.0119092970317643","0.0759815144353935","0.00777387314788762","0.42812180837271"
"205","model 17 vs 6","adni","_visuospatial","COMBINED PVALUES","3","0.143455468698718","3","0.0857808986635958"
"206","model 17 vs 6","adni","_execfunc","EcogSPEF.bl","-0.00814223352366599","0.0433146715015157","-0.0138015113899247","0.0176911851143909"
"207","model 17 vs 6","adni","_execfunc","MMSE_ATTCALC.bl","-0.00422001741453649","0.470417380884459","-0.00932140267946471","0.28606459347298"
"208","model 17 vs 6","adni","_execfunc","MOCA_EF.bl","0.0122358585230656","0.321997750273358","-0.00308265904067001","0.863855991732244"
"209","model 17 vs 6","adni","_execfunc","CDJUDGE.bl","-0.0023341050476453","0.212308218338322","-0.00541096961200987","0.0462218507964576"
"210","model 17 vs 6","adni","_execfunc","COMBINED PVALUES","4","0.0637399518987819","4","0.0518839221107116"
"211","model 17 vs 7","adni","","MMSE.bl","0.0237174977856824","0.0286953558682249","0.0241629593977352","0.126209886783243"
"212","model 17 vs 7","adni","","CDRSB.bl","-0.0157043640067","0.0173100478587571","-0.0120356540295792","0.200598377085381"
"213","model 17 vs 7","adni","","EcogSPTotal.bl","-0.0105336552230513","0.00731211144696382","-0.00488321634463376","0.38346077623211"
"214","model 17 vs 7","adni","","ADAS13.bl","-0.0825771191717479","0.0405480795838491","0.0185972532468427","0.749903526843125"
"215","model 17 vs 7","adni","","MOCA.bl","0.0224695864829141","0.279637692474361","0.00574809237483463","0.848487369735228"
"216","model 17 vs 7","adni","","GDTOTAL.bl","0.0137456188844309","0.173479937048074","0.00304033598990663","0.835981245305007"
"217","model 17 vs 7","adni","","PTAU.bl","-0.218421453155142","0.0202768429154139","-0.13353809018701","0.344299605497942"
"218","model 17 vs 7","adni","","TAU.bl","-2.0515052146516","0.0169986637141751","-1.44240807861711","0.263585845210667"
"219","model 17 vs 7","adni","","ABETA.bl","2.88079457325183","0.393324129582286","-0.382876607278828","0.937801759656124"
"220","model 17 vs 7","adni","","COMBINED PVALUES","8","4.27813103286987e-06","8","0.611994312004156"
"221","model 17 vs 7","adni","_memory","EcogSPMem.bl","-0.0104560254764509","0.0482642893547283","-0.00619933169509304","0.421028985434304"
"222","model 17 vs 7","adni","_memory","MMSE_RECALL.bl","-0.0135889441026751","0.0158172707572885","-0.00853931460240623","0.286642063542218"
"223","model 17 vs 7","adni","_memory","ADAS_MEMORY.bl","-0.0748676373835836","0.0302817031852958","0.0135915879447321","0.784403308717956"
"224","model 17 vs 7","adni","_memory","MOCA_MEMORY.bl","0.0112103747883884","0.699453348952684","-0.0170831779595135","0.686677781306879"
"225","model 17 vs 7","adni","_memory","CDMEMORY.bl","-0.00304971999796923","0.112605266378909","-0.00320218652051165","0.249140452072328"
"226","model 17 vs 7","adni","_memory","COMBINED PVALUES","5","0.00217139029549944","5","0.470397572159387"
"227","model 17 vs 7","adni","_language","EcogSPLang.bl","-0.00995150622035595","0.0187389246390534","-0.00593606819357324","0.329742870237673"
"228","model 17 vs 7","adni","_language","MMSE_LANGUAGE.bl","-0.000544391315171376","0.887782231017394","-0.00176037366188199","0.74871638693166"
"229","model 17 vs 7","adni","_language","ADAS_LANGUAGE.bl","-0.00221179784271808","0.682580623447218","-0.0001321736961831","0.98684634284119"
"230","model 17 vs 7","adni","_language","MOCA_LANGUAGE.bl","0.0124099253447373","0.720294821026543","-0.0642086656911506","0.201714784480018"
"231","model 17 vs 7","adni","_language","COMBINED PVALUES","4","0.538426884545631","4","0.790449758291585"
"232","model 17 vs 7","adni","_orientation","MMSE_ORIENTATION.bl","-0.00399487983477389","0.413390165719847","-0.00335047745421071","0.639317629735728"
"233","model 17 vs 7","adni","_orientation","ADAS_ORIENTATION.bl","-0.00320099101161625","0.505550729913629","0.00461723909011881","0.51392223027907"
"234","model 17 vs 7","adni","_orientation","MOCA_ORIENTATION.bl","0.0016869575731154","0.639780654347829","-0.00245620418999524","0.644671133598357"
"235","model 17 vs 7","adni","_orientation","CDORIENT.bl","-0.00421751726435032","0.0165500550210443","-0.00331368332804475","0.183094291153153"
"236","model 17 vs 7","adni","_orientation","COMBINED PVALUES","4","0.161342209939166","4","0.471873479960411"
"237","model 17 vs 7","adni","_visuospatial","EcogSPVisspat.bl","-0.0111038555651382","0.00156236850155645","-0.00755913915456355","0.128414908854061"
"238","model 17 vs 7","adni","_visuospatial","ADAS_VISUOSPATIAL.bl","0.00214806133696392","0.580241516816957","0.00066910983214053","0.904402617585704"
"239","model 17 vs 7","adni","_visuospatial","MOCA_VISUOSPATIAL.bl","0.0107418008061117","0.112252496198115","0.00934673121715595","0.341618249905375"
"240","model 17 vs 7","adni","_visuospatial","COMBINED PVALUES","3","0.0109952557247807","3","0.446057883836413"
"241","model 17 vs 7","adni","_execfunc","EcogSPEF.bl","-0.0124841272703859","0.00213393977568966","-0.00437635371823718","0.449539833290179"
"242","model 17 vs 7","adni","_execfunc","MMSE_ATTCALC.bl","-0.00351225062941172","0.550969786202974","-0.0109359270246687","0.189094492101181"
"243","model 17 vs 7","adni","_execfunc","MOCA_EF.bl","0.0176049855496642","0.157321382160942","0.00956956373822163","0.591243732341863"
"244","model 17 vs 7","adni","_execfunc","CDJUDGE.bl","-0.00282524166617982","0.133855752051594","-0.00199175610255293","0.460119045335428"
"245","model 17 vs 7","adni","_execfunc","COMBINED PVALUES","4","0.00772387676319608","4","0.33043032722085"
"246","model 17 vs 8","adni","","MMSE.bl","0.029501379354014","0.00918703131725074","0.0231625224488553","0.13987574638239"
"247","model 17 vs 8","adni","","CDRSB.bl","-0.0102672448888999","0.13617979013956","-0.00595994275094881","0.524565566992696"
"248","model 17 vs 8","adni","","EcogSPTotal.bl","-0.0111037414115034","0.00695714122925109","-0.00834511027497016","0.143024805131934"
"249","model 17 vs 8","adni","","ADAS13.bl","-0.0596615840319614","0.159461972511122","-0.0659649842603937","0.255890145265473"
"250","model 17 vs 8","adni","","MOCA.bl","0.0170514720167138","0.433517834676388","0.0218975128700197","0.462028187387589"
"251","model 17 vs 8","adni","","GDTOTAL.bl","-0.00750372694975671","0.47873959484333","-0.0142180703631798","0.338074678314005"
"252","model 17 vs 8","adni","","PTAU.bl","-0.0807881825930837","0.409135883316956","-0.0955946647513605","0.485438663755325"
"253","model 17 vs 8","adni","","TAU.bl","-0.680992053797647","0.446309112763496","-0.918746240597671","0.462902267555234"
"254","model 17 vs 8","adni","","ABETA.bl","1.5943733931123","0.648778122525185","-1.22898638324865","0.803098495695732"
"255","model 17 vs 8","adni","","COMBINED PVALUES","8","0.0126723034795405","8","0.213085254937262"
"256","model 17 vs 8","adni","_memory","EcogSPMem.bl","-0.0120229716475462","0.0305387035055189","-0.00874686131862876","0.254821553841155"
"257","model 17 vs 8","adni","_memory","MMSE_RECALL.bl","-0.0118312774411216","0.044629134176432","-0.00740145922723092","0.349330854938294"
"258","model 17 vs 8","adni","_memory","ADAS_MEMORY.bl","-0.0579968346614085","0.108483580436668","-0.0526796757023203","0.290205209889837"
"259","model 17 vs 8","adni","_memory","MOCA_MEMORY.bl","-0.0128998708940289","0.671350605405155","0.00654540335399064","0.875536640852498"
"260","model 17 vs 8","adni","_memory","CDMEMORY.bl","-0.00213071971094996","0.288377599933842","-0.000932787754851153","0.733428813061694"
"261","model 17 vs 8","adni","_memory","COMBINED PVALUES","5","0.0138713320463157","5","0.531522937746898"
"262","model 17 vs 8","adni","_language","EcogSPLang.bl","-0.00885758895865823","0.0459233625006451","-0.00823786749564724","0.185829177565446"
"263","model 17 vs 8","adni","_language","MMSE_LANGUAGE.bl","-0.00527808954327118","0.190909672400484","-0.00174006780605686","0.754847439941858"
"264","model 17 vs 8","adni","_language","ADAS_LANGUAGE.bl","0.00188276211475211","0.739136982403489","-0.00193681975677031","0.802647064134743"
"265","model 17 vs 8","adni","_language","MOCA_LANGUAGE.bl","-0.0384687426998567","0.288218751350686","-0.0691573276276203","0.166586424361477"
"266","model 17 vs 8","adni","_language","COMBINED PVALUES","4","0.107654828036183","4","0.43640583629507"
"267","model 17 vs 8","adni","_orientation","MMSE_ORIENTATION.bl","-0.00193880816212371","0.704321938181068","-0.00272823090907446","0.701700866821619"
"268","model 17 vs 8","adni","_orientation","ADAS_ORIENTATION.bl","-0.00293031670319997","0.563181318785595","0.00287138721824787","0.684237209169576"
"269","model 17 vs 8","adni","_orientation","MOCA_ORIENTATION.bl","0.00206840440937524","0.583646429543624","-0.000687702379199984","0.897218875033675"
"270","model 17 vs 8","adni","_orientation","CDORIENT.bl","-0.00432899541258292","0.0188127645740429","-0.00350587183962516","0.156538346532923"
"271","model 17 vs 8","adni","_orientation","COMBINED PVALUES","4","0.278976682524551","4","0.736625805254141"
"272","model 17 vs 8","adni","_visuospatial","EcogSPVisspat.bl","-0.0110627106207519","0.0025609099557287","-0.00634826302656003","0.212369638688759"
"273","model 17 vs 8","adni","_visuospatial","ADAS_VISUOSPATIAL.bl","0.000337021421692123","0.933956281344386","-0.00444313536673705","0.429869585326736"
"274","model 17 vs 8","adni","_visuospatial","MOCA_VISUOSPATIAL.bl","0.0140965076748378","0.046215374256343","0.0198608393725127","0.0421124659320384"
"275","model 17 vs 8","adni","_visuospatial","COMBINED PVALUES","3","0.042877314171291","3","0.0594062582883213"
"276","model 17 vs 8","adni","_execfunc","EcogSPEF.bl","-0.0120445921809078","0.00492206375747662","-0.0085163209320645","0.150477259406683"
"277","model 17 vs 8","adni","_execfunc","MMSE_ATTCALC.bl","-0.00782323352374661","0.204204809620107","-0.0106879927834867","0.200689857771245"
"278","model 17 vs 8","adni","_execfunc","MOCA_EF.bl","0.0150075012683831","0.24862038509376","-0.000378494357804652","0.983021165033225"
"279","model 17 vs 8","adni","_execfunc","CDJUDGE.bl","-8.26892531363897e-05","0.966456526056112","-0.00161885851455638","0.548109276494303"
"280","model 17 vs 8","adni","_execfunc","COMBINED PVALUES","4","0.129691734796473","4","0.57297592228375"
"281","model 17 vs 9","adni","","MMSE.bl","0.0127937295553614","0.230962284159541","0.00892977926109221","0.571793965267308"
"282","model 17 vs 9","adni","","CDRSB.bl","-0.0135601792707641","0.0372331878417119","-0.0158364738152828","0.0968809962131984"
"283","model 17 vs 9","adni","","EcogSPTotal.bl","-0.00652043111162977","0.0929971540033366","-0.000910934036740884","0.87206647490381"
"284","model 17 vs 9","adni","","ADAS13.bl","-0.0976652947800138","0.014321939743989","-0.036877283102184","0.519883502801613"
"285","model 17 vs 9","adni","","MOCA.bl","0.0080327449031644","0.694666781180983","0.0138695301119679","0.63673434176962"
"286","model 17 vs 9","adni","","GDTOTAL.bl","0.0139139091367469","0.163170240428785","0.00866951149533578","0.554056905922929"
"287","model 17 vs 9","adni","","PTAU.bl","-0.173306865585194","0.0673988114202069","-0.202247710611239","0.151944436482767"
"288","model 17 vs 9","adni","","TAU.bl","-1.50343214167554","0.0824242308829994","-1.85125130230009","0.148905407330134"
"289","model 17 vs 9","adni","","ABETA.bl","3.98539408231797","0.242062287096179","1.15219830820431","0.81874060707558"
"290","model 17 vs 9","adni","","COMBINED PVALUES","8","0.000762289085425238","8","0.424535453990006"
"291","model 17 vs 9","adni","_memory","EcogSPMem.bl","-0.00644364541798619","0.217901049289187","-0.00192438765508906","0.801067499050635"
"292","model 17 vs 9","adni","_memory","MMSE_RECALL.bl","-0.00198104021287221","0.721395929127888","-0.00214528522748768","0.791325123687182"
"293","model 17 vs 9","adni","_memory","ADAS_MEMORY.bl","-0.0775056437368705","0.023291340857891","-0.037563265805175","0.445870409817587"
"294","model 17 vs 9","adni","_memory","MOCA_MEMORY.bl","-0.000486802088555571","0.986407555863823","0.000450850819196061","0.991347246939415"
"295","model 17 vs 9","adni","_memory","CDMEMORY.bl","-0.00249760583213413","0.187584462923523","-0.00306084626667621","0.271492909472514"
"296","model 17 vs 9","adni","_memory","COMBINED PVALUES","5","0.350205352242233","5","0.929533148423407"
"297","model 17 vs 9","adni","_language","EcogSPLang.bl","-0.00520196838223461","0.214547370657609","0.000659991661484425","0.913319669888812"
"298","model 17 vs 9","adni","_language","MMSE_LANGUAGE.bl","-0.00366521747134908","0.336011635821096","-0.000571487994808943","0.916510907253712"
"299","model 17 vs 9","adni","_language","ADAS_LANGUAGE.bl","-0.00789126693597682","0.139848852510431","0.00353437423299528","0.640692214105979"
"300","model 17 vs 9","adni","_language","MOCA_LANGUAGE.bl","-0.0489053467216375","0.152462100811751","-0.0113482736012852","0.821784617848834"
"301","model 17 vs 9","adni","_language","COMBINED PVALUES","4","0.0484047435527396","4","0.977941645947304"
"302","model 17 vs 9","adni","_orientation","MMSE_ORIENTATION.bl","0.00192132947917997","0.689479960774854","0.00288973908609404","0.685434327898055"
"303","model 17 vs 9","adni","_orientation","ADAS_ORIENTATION.bl","0.00154546719690574","0.744610377722354","0.00355240046810314","0.616837045201236"
"304","model 17 vs 9","adni","_orientation","MOCA_ORIENTATION.bl","4.56160973545319e-05","0.989755599235227","-0.00284089537155434","0.594919375982595"
"305","model 17 vs 9","adni","_orientation","CDORIENT.bl","-0.00311158122536223","0.073437889801433","-0.00400843399794871","0.115721341575655"
"306","model 17 vs 9","adni","_orientation","COMBINED PVALUES","4","0.843587029855159","4","0.464878969290842"
"307","model 17 vs 9","adni","_visuospatial","EcogSPVisspat.bl","-0.00529040011467591","0.126608126256374","0.00257299681149618","0.612451074874975"
"308","model 17 vs 9","adni","_visuospatial","ADAS_VISUOSPATIAL.bl","9.59778952299131e-05","0.980060828540954","-0.000445122114056899","0.936474740298385"
"309","model 17 vs 9","adni","_visuospatial","MOCA_VISUOSPATIAL.bl","0.0124537853407746","0.0624669915794029","0.0168973432185089","0.0856024581557784"
"310","model 17 vs 9","adni","_visuospatial","COMBINED PVALUES","3","0.359765560880379","3","0.600980550047654"
"311","model 17 vs 9","adni","_execfunc","EcogSPEF.bl","-0.0077788388565074","0.0505157904159249","-0.00174189112527504","0.770665412675469"
"312","model 17 vs 9","adni","_execfunc","MMSE_ATTCALC.bl","-0.00733785766144651","0.207162851368192","-0.00500644742036108","0.567655955726308"
"313","model 17 vs 9","adni","_execfunc","MOCA_EF.bl","0.00446110756022299","0.716331135842136","-0.00514510190972005","0.773470589464824"
"314","model 17 vs 9","adni","_execfunc","CDJUDGE.bl","-0.00266816002731455","0.151244615449481","-0.00255018513340944","0.345225889448251"
"315","model 17 vs 9","adni","_execfunc","COMBINED PVALUES","4","0.0724677432649304","4","0.736230229911608"
"316","model 17 vs 10","adni","","MMSE.bl","0.00847967120125056","0.437797748536363","0.0153001227245799","0.315703855588805"
"317","model 17 vs 10","adni","","CDRSB.bl","-0.00766195826703905","0.2492044075504","-0.0147731776336942","0.11290377342806"
"318","model 17 vs 10","adni","","EcogSPTotal.bl","-0.0075515986915349","0.0566680768790909","-0.0097146316615927","0.0798057514437678"
"319","model 17 vs 10","adni","","ADAS13.bl","-0.0968336838600465","0.0180666654370022","-0.133754987791922","0.0178286813013729"
"320","model 17 vs 10","adni","","MOCA.bl","0.00180607739685512","0.931042312892949","0.0368225210114355","0.20047325613127"
"321","model 17 vs 10","adni","","GDTOTAL.bl","0.0148974785505313","0.144407792135874","0.00588347326828919","0.678453386390401"
"322","model 17 vs 10","adni","","PTAU.bl","-0.121398725004455","0.206995612260037","-0.180783653550524","0.18823150191781"
"323","model 17 vs 10","adni","","TAU.bl","-1.00924024501847","0.250853637357321","-1.5348014307403","0.220622269525857"
"324","model 17 vs 10","adni","","ABETA.bl","8.13233209735275","0.0183890034578155","12.8238074007509","0.00832609632621594"
"325","model 17 vs 10","adni","","COMBINED PVALUES","8","0.00799127615475525","8","0.00124568064410222"
"326","model 17 vs 10","adni","_memory","EcogSPMem.bl","-0.00872156361411057","0.103002414344161","-0.015408117580242","0.0379640700258856"
"327","model 17 vs 10","adni","_memory","MMSE_RECALL.bl","-0.00139976511367617","0.805416990033278","-0.00688599958312896","0.373868743216935"
"328","model 17 vs 10","adni","_memory","ADAS_MEMORY.bl","-0.0788480162953146","0.0241515273199424","-0.119990397368607","0.0132430926863657"
"329","model 17 vs 10","adni","_memory","MOCA_MEMORY.bl","-0.00710283787208469","0.807471028729466","0.0453772818962987","0.259711272621957"
"330","model 17 vs 10","adni","_memory","CDMEMORY.bl","-0.00130196468698178","0.501602055519955","-0.00563194070728167","0.0376268763721538"
"331","model 17 vs 10","adni","_memory","COMBINED PVALUES","5","0.250376176442863","5","0.00129086856953022"
"332","model 17 vs 10","adni","_language","EcogSPLang.bl","-0.00755737108516865","0.0772461922763837","-0.00885510697762372","0.139114698947064"
"333","model 17 vs 10","adni","_language","MMSE_LANGUAGE.bl","0.000304868676647305","0.937612213817347","0.0026154068941975","0.623286877070057"
"334","model 17 vs 10","adni","_language","ADAS_LANGUAGE.bl","-0.00284527600947099","0.602707560985402","0.00204999983604323","0.789665318069228"
"335","model 17 vs 10","adni","_language","MOCA_LANGUAGE.bl","-0.0725569927975568","0.0377509591508852","-0.0634994225242785","0.193306686809263"
"336","model 17 vs 10","adni","_language","COMBINED PVALUES","4","0.241051328649126","4","0.33894368423126"
"337","model 17 vs 10","adni","_orientation","MMSE_ORIENTATION.bl","0.000943852006295569","0.848065579175858","-0.0043310239912711","0.534118741358752"
"338","model 17 vs 10","adni","_orientation","ADAS_ORIENTATION.bl","-0.0044516370520282","0.36218896224714","-0.00249742971192924","0.718896512421661"
"339","model 17 vs 10","adni","_orientation","MOCA_ORIENTATION.bl","0.00111214715822584","0.760127191928956","0.00203963100482294","0.688686711429265"
"340","model 17 vs 10","adni","_orientation","CDORIENT.bl","-0.0027640349416807","0.119940232120497","-0.00275169658359954","0.265244767422001"
"341","model 17 vs 10","adni","_orientation","COMBINED PVALUES","4","0.54121383728405","4","0.60450805056977"
"342","model 17 vs 10","adni","_visuospatial","EcogSPVisspat.bl","-0.00846781808782219","0.0167751990609016","-0.00857930580806572","0.0809967811515362"
"343","model 17 vs 10","adni","_visuospatial","ADAS_VISUOSPATIAL.bl","-5.13355793071415e-06","0.998957530669145","-0.00483558692972484","0.377982266091235"
"344","model 17 vs 10","adni","_visuospatial","MOCA_VISUOSPATIAL.bl","0.0144268413842036","0.0347592709385903","0.0108712354025506","0.256300712444467"
"345","model 17 vs 10","adni","_visuospatial","COMBINED PVALUES","3","0.309231988911967","3","0.0861514320369862"
"346","model 17 vs 10","adni","_execfunc","EcogSPEF.bl","-0.00720171659790506","0.0806156870554941","-0.0084083184868958","0.14968750428589"
"347","model 17 vs 10","adni","_execfunc","MMSE_ATTCALC.bl","-0.00903544944674209","0.128809119112485","-0.00774253058228773","0.356340249471494"
"348","model 17 vs 10","adni","_execfunc","MOCA_EF.bl","0.00364146958679619","0.771950684331932","0.01108223075141","0.529381950532501"
"349","model 17 vs 10","adni","_execfunc","CDJUDGE.bl","-0.00111182467250393","0.558467753872697","-0.00441080688062809","0.0928280284592748"
"350","model 17 vs 10","adni","_execfunc","COMBINED PVALUES","4","0.206021303958301","4","0.0921009332426204"
"351","model 17 vs 11","adni","","MMSE.bl","0.00727603260822583","0.538000903487299","0.0162690102202787","0.29660979322896"
"352","model 17 vs 11","adni","","CDRSB.bl","-0.00725163654758318","0.31291624098395","-0.00920546258729676","0.33098669929898"
"353","model 17 vs 11","adni","","EcogSPTotal.bl","-0.00423447752517124","0.323489648826213","-0.00087312448512101","0.877281353766576"
"354","model 17 vs 11","adni","","ADAS13.bl","-0.0595237915406029","0.179924175798061","-0.00798088244488563","0.888262497002438"
"355","model 17 vs 11","adni","","MOCA.bl","-0.0112813998218668","0.615065076946545","-0.0292556059243594","0.317605007226692"
"356","model 17 vs 11","adni","","GDTOTAL.bl","0.0143847023441041","0.192361996583295","0.0106688027979825","0.457698572222463"
"357","model 17 vs 11","adni","","PTAU.bl","-0.0274943905211629","0.790230152257407","0.0896128319650745","0.514487377659316"
"358","model 17 vs 11","adni","","TAU.bl","-0.114569162165852","0.903415295245697","1.11404429981767","0.374782365508224"
"359","model 17 vs 11","adni","","ABETA.bl","4.06498581325225","0.273048063338222","4.6205544045657","0.34626880680781"
"360","model 17 vs 11","adni","","COMBINED PVALUES","8","0.396181041315033","8","0.518615492261314"
"361","model 17 vs 11","adni","_memory","EcogSPMem.bl","-0.00489583867057432","0.396604247980641","-6.92469312467266e-05","0.992664005745145"
"362","model 17 vs 11","adni","_memory","MMSE_RECALL.bl","-0.0030240530715622","0.622885986934252","-0.00595291853109538","0.457391802209464"
"363","model 17 vs 11","adni","_memory","ADAS_MEMORY.bl","-0.0534294014560512","0.15643165248297","-0.00683069355332168","0.888250163796191"
"364","model 17 vs 11","adni","_memory","MOCA_MEMORY.bl","-0.0094634446766636","0.763141472364201","-0.0345920963688969","0.398969912671499"
"365","model 17 vs 11","adni","_memory","CDMEMORY.bl","-0.00124323412999251","0.552809924828264","-0.00165818693373418","0.545878785492802"
"366","model 17 vs 11","adni","_memory","COMBINED PVALUES","5","0.480542703085306","5","0.936363851953411"
"367","model 17 vs 11","adni","_language","EcogSPLang.bl","-0.00418927982659514","0.364951612206752","0.000842155939254375","0.890089397359299"
"368","model 17 vs 11","adni","_language","MMSE_LANGUAGE.bl","0.00412084788218249","0.327229895448944","0.000782521390386686","0.88722124606822"
"369","model 17 vs 11","adni","_language","ADAS_LANGUAGE.bl","-0.00397053388607527","0.501712140487029","-0.00262589964908233","0.736800243941494"
"370","model 17 vs 11","adni","_language","MOCA_LANGUAGE.bl","-0.0704165967069885","0.0624015927338913","-0.107295107642999","0.0317778390914258"
"371","model 17 vs 11","adni","_language","COMBINED PVALUES","4","0.122672682175674","4","0.72859086481657"
"372","model 17 vs 11","adni","_orientation","MMSE_ORIENTATION.bl","0.00198396930478745","0.709702173866372","-0.000446026847335028","0.949597865606724"
"373","model 17 vs 11","adni","_orientation","ADAS_ORIENTATION.bl","-0.00149616738562296","0.777701191027136","0.00244171651780176","0.726576854087943"
"374","model 17 vs 11","adni","_orientation","MOCA_ORIENTATION.bl","-0.00270571229072724","0.491230037527697","-0.00936631338172985","0.0635731365697167"
"375","model 17 vs 11","adni","_orientation","CDORIENT.bl","-0.00283503854970408","0.140176749458551","-0.00349584542871203","0.168450566568428"
"376","model 17 vs 11","adni","_orientation","COMBINED PVALUES","4","0.542894471045782","4","0.451786288588263"
"377","model 17 vs 11","adni","_visuospatial","EcogSPVisspat.bl","-0.00665278678400976","0.0820289657847111","-0.00641771211723269","0.206567542123857"
"378","model 17 vs 11","adni","_visuospatial","ADAS_VISUOSPATIAL.bl","0.000264599997264833","0.950310523290781","-0.00144106287412223","0.79614627884387"
"379","model 17 vs 11","adni","_visuospatial","MOCA_VISUOSPATIAL.bl","0.0122074843510494","0.0984698584511754","0.0103272169367795","0.288633375137613"
"380","model 17 vs 11","adni","_visuospatial","COMBINED PVALUES","3","0.275260264529771","3","0.375889998532282"
"381","model 17 vs 11","adni","_execfunc","EcogSPEF.bl","-0.00467268243110113","0.292807301231732","-0.00227301506999267","0.702278148525517"
"382","model 17 vs 11","adni","_execfunc","MMSE_ATTCALC.bl","-0.00770598535879881","0.230780329613714","-0.00602379201440502","0.481822723601293"
"383","model 17 vs 11","adni","_execfunc","MOCA_EF.bl","-0.00067627845209757","0.960276070265518","-0.00453221740990749","0.801607884840014"
"384","model 17 vs 11","adni","_execfunc","CDJUDGE.bl","-0.000537874010806455","0.793252558861292","-0.00168822355436415","0.529266996396471"
"385","model 17 vs 11","adni","_execfunc","COMBINED PVALUES","4","0.740564951659684","4","0.759001789647708"
"386","model 17 vs 12","adni","","MMSE.bl","0.0210744962178589","0.0581211935059903","0.0280917374945902","0.0706564048121175"
"387","model 17 vs 12","adni","","CDRSB.bl","-0.00829523755986261","0.219944858274985","-0.0141661010059145","0.133605539272697"
"388","model 17 vs 12","adni","","EcogSPTotal.bl","-0.00499546660739153","0.215663446136992","-0.00702262387105438","0.216057455022721"
"389","model 17 vs 12","adni","","ADAS13.bl","-0.0707284380810913","0.0884950801048021","-0.0316538869924506","0.573778019102983"
"390","model 17 vs 12","adni","","MOCA.bl","0.00773923862358302","0.719106231716846","0.00918650487089606","0.754074982015751"
"391","model 17 vs 12","adni","","GDTOTAL.bl","0.0180418932835412","0.0820286227230244","0.0137789598228296","0.34385580653581"
"392","model 17 vs 12","adni","","PTAU.bl","-0.0896636014271248","0.355181691014868","-0.0430134948698409","0.754248864365394"
"393","model 17 vs 12","adni","","TAU.bl","-0.78860735836905","0.373380650594081","-0.111166474858201","0.929307016866259"
"394","model 17 vs 12","adni","","ABETA.bl","3.07652950921187","0.376201528926853","6.26529358200635","0.196644699766812"
"395","model 17 vs 12","adni","","COMBINED PVALUES","8","0.023835452932981","8","0.308680952864772"
"396","model 17 vs 12","adni","_memory","EcogSPMem.bl","-0.00763463264313448","0.160817037398355","-0.0128306278094697","0.0956685061827305"
"397","model 17 vs 12","adni","_memory","MMSE_RECALL.bl","-0.0048695299765762","0.399643641141694","-0.00435176607345281","0.580109895795777"
"398","model 17 vs 12","adni","_memory","ADAS_MEMORY.bl","-0.0624680446364087","0.0776446583961481","-0.0341711989971127","0.477343660301196"
"399","model 17 vs 12","adni","_memory","MOCA_MEMORY.bl","-0.00282808564794505","0.924744640420205","0.0134797593879734","0.743475798297224"
"400","model 17 vs 12","adni","_memory","CDMEMORY.bl","-0.0027511335008228","0.163170415831697","-0.00619345735827844","0.0246569179164352"
"401","model 17 vs 12","adni","_memory","COMBINED PVALUES","5","0.161465147443466","5","0.134367163594679"
"402","model 17 vs 12","adni","_language","EcogSPLang.bl","-0.00432444365021318","0.320506615697711","-0.00634052956064427","0.298992880536714"
"403","model 17 vs 12","adni","_language","MMSE_LANGUAGE.bl","-0.000428601840728692","0.913885840165996","-0.00176879941255658","0.746506229518105"
"404","model 17 vs 12","adni","_language","ADAS_LANGUAGE.bl","-0.00353392982933895","0.525466268492047","0.00311140270909511","0.688547340321719"
"405","model 17 vs 12","adni","_language","MOCA_LANGUAGE.bl","-0.0243106215679982","0.495042943323245","-0.0565244128319624","0.246426905899419"
"406","model 17 vs 12","adni","_language","COMBINED PVALUES","4","0.682650730596872","4","0.488471460085812"
"407","model 17 vs 12","adni","_orientation","MMSE_ORIENTATION.bl","0.00152246730968945","0.761478580313727","-0.00439003519466099","0.535903725610322"
"408","model 17 vs 12","adni","_orientation","ADAS_ORIENTATION.bl","0.000201318497327637","0.967633554274285","0.00806402598296198","0.251818055450538"
"409","model 17 vs 12","adni","_orientation","MOCA_ORIENTATION.bl","-0.00192844667344538","0.602173663381444","-0.00542197212341389","0.298377871607576"
"410","model 17 vs 12","adni","_orientation","CDORIENT.bl","-0.00362902864539924","0.0449741915942622","-0.00397000134472683","0.109957612282557"
"411","model 17 vs 12","adni","_orientation","COMBINED PVALUES","4","0.712511321325764","4","0.121556159802894"
"412","model 17 vs 12","adni","_visuospatial","EcogSPVisspat.bl","-0.00636285284102264","0.0772562989177811","-0.00682440507614877","0.176602009824453"
"413","model 17 vs 12","adni","_visuospatial","ADAS_VISUOSPATIAL.bl","-0.000737969007730207","0.85354545303078","0.00352484565563754","0.527784763508351"
"414","model 17 vs 12","adni","_visuospatial","MOCA_VISUOSPATIAL.bl","0.0150284088643361","0.0313006923214379","0.00929808392420533","0.33686383246013"
"415","model 17 vs 12","adni","_visuospatial","COMBINED PVALUES","3","0.0985577173174289","3","0.229998725868143"
"416","model 17 vs 12","adni","_execfunc","EcogSPEF.bl","-0.00574843236947176","0.171018730359932","-0.00446767177615028","0.450887729608694"
"417","model 17 vs 12","adni","_execfunc","MMSE_ATTCALC.bl","-0.0148324382944054","0.0141016312618339","-0.0128022843611957","0.125655955649281"
"418","model 17 vs 12","adni","_execfunc","MOCA_EF.bl","0.0132452797266449","0.30075900502246","0.0130992051137758","0.456337104243505"
"419","model 17 vs 12","adni","_execfunc","CDJUDGE.bl","0.000176105609191981","0.927254778037037","0.000567026272163992","0.831761908505939"
"420","model 17 vs 12","adni","_execfunc","COMBINED PVALUES","4","0.134453400943213","4","0.417008977786028"
"421","model 17 vs 13","adni","","MMSE.bl","0.01702816588124","0.140592319743681","0.0202611312667462","0.196990729996496"
"422","model 17 vs 13","adni","","CDRSB.bl","-0.00578512766183726","0.410560703677053","-0.00604759976935828","0.529390220221837"
"423","model 17 vs 13","adni","","EcogSPTotal.bl","-0.00212898557678254","0.611713413814723","-0.00208903410556571","0.716022139361469"
"424","model 17 vs 13","adni","","ADAS13.bl","-0.0849051007511197","0.0515901092826548","-0.0855314589357853","0.138969264717559"
"425","model 17 vs 13","adni","","MOCA.bl","0.0211625910720247","0.34099532851017","0.031540493812047","0.290492211136895"
"426","model 17 vs 13","adni","","GDTOTAL.bl","0.0159065046046697","0.140726497546319","0.0252506835030512","0.0844136001801517"
"427","model 17 vs 13","adni","","PTAU.bl","-0.217134068168484","0.0301866786365968","-0.237672125592388","0.0860252797257495"
"428","model 17 vs 13","adni","","TAU.bl","-1.87931033447475","0.0399975507067332","-2.2692464554741","0.0736860223224304"
"429","model 17 vs 13","adni","","ABETA.bl","5.00362558481398","0.163919893455201","2.25769240682922","0.647239623247745"
"430","model 17 vs 13","adni","","COMBINED PVALUES","8","0.00299921449535805","8","0.0377125168375983"
"431","model 17 vs 13","adni","_memory","EcogSPMem.bl","-0.0034885315766449","0.537772690872948","-0.00417891333003517","0.588561313010772"
"432","model 17 vs 13","adni","_memory","MMSE_RECALL.bl","-0.00699162865483079","0.245233663682313","-0.00889724290889153","0.276092373883866"
"433","model 17 vs 13","adni","_memory","ADAS_MEMORY.bl","-0.0814069931373476","0.027473656752002","-0.0769343533264751","0.120408839407889"
"434","model 17 vs 13","adni","_memory","MOCA_MEMORY.bl","0.0202710970483621","0.513301775275488","0.0119157578705651","0.773568782013866"
"435","model 17 vs 13","adni","_memory","CDMEMORY.bl","-0.00125045799726222","0.541388821921712","-0.00212859411071023","0.445312879594379"
"436","model 17 vs 13","adni","_memory","COMBINED PVALUES","5","0.143910033196583","5","0.338664754515874"
"437","model 17 vs 13","adni","_language","EcogSPLang.bl","-0.00144221371568682","0.749950804347637","-0.00192192267537413","0.756915338743729"
"438","model 17 vs 13","adni","_language","MMSE_LANGUAGE.bl","-0.0010821915990462","0.792818387262781","0.00095674774113624","0.864040809082899"
"439","model 17 vs 13","adni","_language","ADAS_LANGUAGE.bl","-0.0014296177310484","0.80485870234071","-0.0020706251098854","0.791956557526035"
"440","model 17 vs 13","adni","_language","MOCA_LANGUAGE.bl","-0.0431381909808239","0.243682123811369","-0.0458358589561025","0.356636990342753"
"441","model 17 vs 13","adni","_language","COMBINED PVALUES","4","0.79604753323138","4","0.868732170935519"
"442","model 17 vs 13","adni","_orientation","MMSE_ORIENTATION.bl","-0.00191258591303183","0.713905730697811","-3.60308836481128e-05","0.995930126940036"
"443","model 17 vs 13","adni","_orientation","ADAS_ORIENTATION.bl","0.00362630168072665","0.484745151779558","0.0100875747376855","0.152920089155538"
"444","model 17 vs 13","adni","_orientation","MOCA_ORIENTATION.bl","-0.00159073520157299","0.679249867214481","-0.0104603252121827","0.040186913706412"
"445","model 17 vs 13","adni","_orientation","CDORIENT.bl","-0.00293493007437393","0.11895520998084","-0.00364974041029207","0.15623605151229"
"446","model 17 vs 13","adni","_orientation","COMBINED PVALUES","4","0.462546656786332","4","0.284959488128582"
"447","model 17 vs 13","adni","_visuospatial","EcogSPVisspat.bl","-0.0052125794392621","0.164014796934716","-0.00448465267997011","0.378659182403184"
"448","model 17 vs 13","adni","_visuospatial","ADAS_VISUOSPATIAL.bl","-0.00498380678186469","0.230290510400395","-0.00566238232169943","0.311194488020099"
"449","model 17 vs 13","adni","_visuospatial","MOCA_VISUOSPATIAL.bl","0.0182606880767326","0.0115575998725686","0.0231711244738326","0.0175466709633391"
"450","model 17 vs 13","adni","_visuospatial","COMBINED PVALUES","3","0.0106622932032469","3","0.0465401427223941"
"451","model 17 vs 13","adni","_execfunc","EcogSPEF.bl","-0.00328335648664861","0.448004433848068","-0.00391698330794392","0.509717964121253"
"452","model 17 vs 13","adni","_execfunc","MMSE_ATTCALC.bl","-0.00740021649744886","0.239655993299804","-0.013015909915726","0.135279500018599"
"453","model 17 vs 13","adni","_execfunc","MOCA_EF.bl","0.0142619122835255","0.283686387285798","0.0272491632556416","0.133993408645221"
"454","model 17 vs 13","adni","_execfunc","CDJUDGE.bl","0.000108317633323563","0.956973530181458","-0.000356641628490761","0.895892737686396"
"455","model 17 vs 13","adni","_execfunc","COMBINED PVALUES","4","0.560910682836966","4","0.321568435239936"
"456","model 17 vs 14","adni","","MMSE.bl","0.0177885308302131","0.130794863716829","0.0275971439332382","0.079476754700936"
"457","model 17 vs 14","adni","","CDRSB.bl","-0.00604944427370047","0.398837768684054","-0.00235405561904015","0.805609173649805"
"458","model 17 vs 14","adni","","EcogSPTotal.bl","-0.00391480600176574","0.359753201695764","-0.00220891773820895","0.697839540767004"
"459","model 17 vs 14","adni","","ADAS13.bl","-0.0863332988478626","0.0508546118346935","-0.108582727227214","0.0644586161532845"
"460","model 17 vs 14","adni","","MOCA.bl","0.0102396901183526","0.652136032904854","0.0529532363166462","0.0792802034257426"
"461","model 17 vs 14","adni","","GDTOTAL.bl","0.0191105808422113","0.0822358394049576","0.0194862638076698","0.183498164163469"
"462","model 17 vs 14","adni","","PTAU.bl","-0.175864321506693","0.0847968090558707","-0.183692671224866","0.180853143472835"
"463","model 17 vs 14","adni","","TAU.bl","-1.47727666295015","0.11298261131526","-1.536658401805","0.220758192204601"
"464","model 17 vs 14","adni","","ABETA.bl","4.83843855620853","0.185854448876631","5.0591541548322","0.298636708204409"
"465","model 17 vs 14","adni","","COMBINED PVALUES","8","0.00680358934445841","8","0.0282390204681858"
"466","model 17 vs 14","adni","_memory","EcogSPMem.bl","-0.0079877165610243","0.166512935298042","-0.00884095693777641","0.250617355856921"
"467","model 17 vs 14","adni","_memory","MMSE_RECALL.bl","-0.00821038694791468","0.180427989442695","-0.0157663630342295","0.0540842013392185"
"468","model 17 vs 14","adni","_memory","ADAS_MEMORY.bl","-0.085794397676178","0.0226768604255978","-0.0976550559918582","0.0521700116387659"
"469","model 17 vs 14","adni","_memory","MOCA_MEMORY.bl","0.00818060458975239","0.79618409933032","0.0720701805486743","0.0823207023820601"
"470","model 17 vs 14","adni","_memory","CDMEMORY.bl","-0.00033373576487891","0.87283231647125","-0.000474995397446596","0.86452179810511"
"471","model 17 vs 14","adni","_memory","COMBINED PVALUES","5","0.195862064592295","5","0.0304168028791049"
"472","model 17 vs 14","adni","_language","EcogSPLang.bl","-0.00250323751012948","0.587065722175444","-4.27776480377988e-06","0.999443617373824"
"473","model 17 vs 14","adni","_language","MMSE_LANGUAGE.bl","-0.00271182543472228","0.518390557389197","-0.000897322031291252","0.871800959993971"
"474","model 17 vs 14","adni","_language","ADAS_LANGUAGE.bl","0.00275590758227475","0.639962098069714","-0.00231711247050587","0.766303315267793"
"475","model 17 vs 14","adni","_language","MOCA_LANGUAGE.bl","-0.051437752712195","0.172368581030664","-0.00769373505889344","0.878246894982686"
"476","model 17 vs 14","adni","_language","COMBINED PVALUES","4","0.43636743298918","4","0.999167129597754"
"477","model 17 vs 14","adni","_orientation","MMSE_ORIENTATION.bl","0.000271350066640809","0.959257579391471","7.00312623123945e-05","0.99206472265996"
"478","model 17 vs 14","adni","_orientation","ADAS_ORIENTATION.bl","0.00359089541419336","0.494801910710475","0.00521219283150737","0.460928873288448"
"479","model 17 vs 14","adni","_orientation","MOCA_ORIENTATION.bl","-0.00357676048385246","0.361069962186344","-0.00775956421676127","0.142441610775084"
"480","model 17 vs 14","adni","_orientation","CDORIENT.bl","-0.00301270070684398","0.1166150723035","-0.00393686340304014","0.125263376471207"
"481","model 17 vs 14","adni","_orientation","COMBINED PVALUES","4","0.53613952958561","4","0.519002449099894"
"482","model 17 vs 14","adni","_visuospatial","EcogSPVisspat.bl","-0.00640062459547032","0.0936388582462308","-0.0040958796832846","0.419787423245585"
"483","model 17 vs 14","adni","_visuospatial","ADAS_VISUOSPATIAL.bl","-0.00629934937699081","0.136610042495879","-0.00618806635600641","0.272357984595444"
"484","model 17 vs 14","adni","_visuospatial","MOCA_VISUOSPATIAL.bl","0.016068692828625","0.0293578859621206","0.0198104147503547","0.0441418831602779"
"485","model 17 vs 14","adni","_visuospatial","COMBINED PVALUES","3","0.00647209362283102","3","0.0734341689200444"
"486","model 17 vs 14","adni","_execfunc","EcogSPEF.bl","-0.00420653795185723","0.337574518302291","-0.00263399653592391","0.655922880333609"
"487","model 17 vs 14","adni","_execfunc","MMSE_ATTCALC.bl","-0.00623427398205694","0.331017553585574","-0.00944945821135312","0.277844258248551"
"488","model 17 vs 14","adni","_execfunc","MOCA_EF.bl","0.00681972058479662","0.614808200937801","0.0120187234109444","0.507048157725538"
"489","model 17 vs 14","adni","_execfunc","CDJUDGE.bl","0.00017927426375652","0.930191217238059","0.000528337700928835","0.84631120487293"
"490","model 17 vs 14","adni","_execfunc","COMBINED PVALUES","4","0.675965515833651","4","0.664674920643556"
"491","model 17 vs 15","adni","","MMSE.bl","0.0178934875822282","0.127918590338742","0.015342425397755","0.311086858751133"
"492","model 17 vs 15","adni","","CDRSB.bl","-0.0108997797640294","0.127899935421312","-0.00747306101621394","0.41536638241931"
"493","model 17 vs 15","adni","","EcogSPTotal.bl","-0.00563725068379442","0.186972744065401","0.00112173547178747","0.838765971463409"
"494","model 17 vs 15","adni","","ADAS13.bl","-0.0712173183822822","0.105971574660328","-0.0365231399369567","0.517005038649688"
"495","model 17 vs 15","adni","","MOCA.bl","0.00652840668421629","0.773276954827565","0.00117581669746602","0.967488351610471"
"496","model 17 vs 15","adni","","GDTOTAL.bl","0.0183766833224611","0.0941440745807312","0.0187298343211922","0.182481745815533"
"497","model 17 vs 15","adni","","PTAU.bl","-0.260513872428877","0.010227232388115","-0.252426219359321","0.0576864324329132"
"498","model 17 vs 15","adni","","TAU.bl","-2.25605170766138","0.0149131582977393","-2.24330935975962","0.0648926739942606"
"499","model 17 vs 15","adni","","ABETA.bl","5.92674346640729","0.10357578612532","2.38730115029941","0.609175760585637"
"500","model 17 vs 15","adni","","COMBINED PVALUES","8","0.000373941464934212","8","0.31335241727703"
"501","model 17 vs 15","adni","_memory","EcogSPMem.bl","-0.00916096379001531","0.11206221980267","-0.000868074253404319","0.906916950605086"
"502","model 17 vs 15","adni","_memory","MMSE_RECALL.bl","-0.00615923256541097","0.3138839962103","-0.001470636066968","0.851786753727026"
"503","model 17 vs 15","adni","_memory","ADAS_MEMORY.bl","-0.0714398344092532","0.056647851152717","-0.032468239027974","0.500879716302426"
"504","model 17 vs 15","adni","_memory","MOCA_MEMORY.bl","0.00133697260053218","0.966247749031137","0.0128683358505787","0.748393678248479"
"505","model 17 vs 15","adni","_memory","CDMEMORY.bl","-0.00142976674336496","0.492149544272712","-0.000989849647539218","0.708547387065522"
"506","model 17 vs 15","adni","_memory","COMBINED PVALUES","5","0.254679870595411","5","0.945656529473584"
"507","model 17 vs 15","adni","_language","EcogSPLang.bl","-0.00239593702137495","0.602602447251712","0.00475521266527165","0.423933127461625"
"508","model 17 vs 15","adni","_language","MMSE_LANGUAGE.bl","-0.00371259870781476","0.37568890390807","-0.000693790622743578","0.897450788495485"
"509","model 17 vs 15","adni","_language","ADAS_LANGUAGE.bl","0.00459369442795618","0.434568488881801","-0.000562890633316047","0.940401204677512"
"510","model 17 vs 15","adni","_language","MOCA_LANGUAGE.bl","-0.0482670007776268","0.199636788554537","-0.00829953420382465","0.861610953358233"
"511","model 17 vs 15","adni","_language","COMBINED PVALUES","4","0.297292317967535","4","0.968594479488145"
"512","model 17 vs 15","adni","_orientation","MMSE_ORIENTATION.bl","-0.00127923544993649","0.809416811180996","-0.00252351956822588","0.712598127575946"
"513","model 17 vs 15","adni","_orientation","ADAS_ORIENTATION.bl","0.00695368662561217","0.184555460829261","0.0122556223556336","0.0676669597435031"
"514","model 17 vs 15","adni","_orientation","MOCA_ORIENTATION.bl","-0.00404745867986324","0.300093905127037","-0.0086097150457183","0.0878288052151457"
"515","model 17 vs 15","adni","_orientation","CDORIENT.bl","-0.00480250763687125","0.0121757779598616","-0.0059034196424774","0.016420184069019"
"516","model 17 vs 15","adni","_orientation","COMBINED PVALUES","4","0.0809021389464627","4","0.0135407848872144"
"517","model 17 vs 15","adni","_visuospatial","EcogSPVisspat.bl","-0.00761999734278879","0.0458492955569531","-0.00395734332205499","0.423587106263683"
"518","model 17 vs 15","adni","_visuospatial","ADAS_VISUOSPATIAL.bl","-0.00482038036724449","0.253957123058643","-0.000851277795949156","0.875223677988222"
"519","model 17 vs 15","adni","_visuospatial","MOCA_VISUOSPATIAL.bl","0.0134312729614454","0.0682891322297346","0.0121031566804273","0.201913583913014"
"520","model 17 vs 15","adni","_visuospatial","COMBINED PVALUES","3","0.0133650564095445","3","0.528514846424733"
"521","model 17 vs 15","adni","_execfunc","EcogSPEF.bl","-0.00701022820249319","0.111005608201109","-0.00131255783649924","0.820127065554609"
"522","model 17 vs 15","adni","_execfunc","MMSE_ATTCALC.bl","-0.00594845549315555","0.352783873389974","-0.00887513687087797","0.284702928484163"
"523","model 17 vs 15","adni","_execfunc","MOCA_EF.bl","0.00312431277514912","0.81736262979212","0.0017081554223546","0.9222115702144"
"524","model 17 vs 15","adni","_execfunc","CDJUDGE.bl","-0.00039603402580116","0.84637347388128","-0.000518731923326652","0.842875042390592"
"525","model 17 vs 15","adni","_execfunc","COMBINED PVALUES","4","0.565006476327902","4","0.91723131086115"
"526","model 17 vs 16","adni","","MMSE.bl","0.0178861900433303","0.134193296732419","0.0149028790882076","0.334102432968322"
"527","model 17 vs 16","adni","","CDRSB.bl","-0.0107336576080488","0.139729294956022","-0.00660723705142656","0.478346406249991"
"528","model 17 vs 16","adni","","EcogSPTotal.bl","-0.00506945947134222","0.242503942309457","0.000962739501632018","0.863605801338233"
"529","model 17 vs 16","adni","","ADAS13.bl","-0.0692496844195272","0.121310991086858","-0.0212432879531773","0.710154002156355"
"530","model 17 vs 16","adni","","MOCA.bl","0.00835082778360344","0.716165734828403","0.00407527561085828","0.889467558371118"
"531","model 17 vs 16","adni","","GDTOTAL.bl","0.0162835580812568","0.144421056985413","0.0163361506251743","0.253379253163536"
"532","model 17 vs 16","adni","","PTAU.bl","-0.264982907692715","0.00994872644536578","-0.241286430695546","0.0729737747724025"
"533","model 17 vs 16","adni","","TAU.bl","-2.28760652957579","0.0148620127869044","-2.12662774587517","0.0836607708055256"
"534","model 17 vs 16","adni","","ABETA.bl","4.52257234622327","0.219953071795834","2.07315619604112","0.66123043656591"
"535","model 17 vs 16","adni","","COMBINED PVALUES","8","0.00101540383063166","8","0.413962798103901"
"536","model 17 vs 16","adni","_memory","EcogSPMem.bl","-0.00859455509867584","0.141938555564642","-0.00230990498969695","0.759632313094703"
"537","model 17 vs 16","adni","_memory","MMSE_RECALL.bl","-0.00584907686099382","0.346649064292099","-0.00362734028187722","0.650841738937974"
"538","model 17 vs 16","adni","_memory","ADAS_MEMORY.bl","-0.0678193737471161","0.0746055110915539","-0.0152550682612581","0.754942253011063"
"539","model 17 vs 16","adni","_memory","MOCA_MEMORY.bl","-0.000861145316856182","0.97853890395591","0.0106995239748938","0.793564980456514"
"540","model 17 vs 16","adni","_memory","CDMEMORY.bl","-0.0012272339416861","0.561240936495672","-0.000237831753480492","0.929712890736529"
"541","model 17 vs 16","adni","_memory","COMBINED PVALUES","5","0.372074003456497","5","0.96581432237177"
"542","model 17 vs 16","adni","_language","EcogSPLang.bl","-0.0013778502184239","0.768053175426068","0.00531990973440842","0.378634506780101"
"543","model 17 vs 16","adni","_language","MMSE_LANGUAGE.bl","-0.00317522360739173","0.455815180791147","-0.000907107393074302","0.868065312832969"
"544","model 17 vs 16","adni","_language","ADAS_LANGUAGE.bl","0.00161500321223152","0.786991520388436","-0.00353803327553166","0.645448244824103"
"545","model 17 vs 16","adni","_language","MOCA_LANGUAGE.bl","-0.0343035876648986","0.369656942700294","-0.00832067754613138","0.863691859493012"
"546","model 17 vs 16","adni","_language","COMBINED PVALUES","4","0.706216806092595","4","0.872683983374695"
"547","model 17 vs 16","adni","_orientation","MMSE_ORIENTATION.bl","-0.00242039003519681","0.653294413462304","-0.00317272629681997","0.648967721415363"
"548","model 17 vs 16","adni","_orientation","ADAS_ORIENTATION.bl","0.00725616596737689","0.172598639688184","0.0111148744615769","0.103519792577313"
"549","model 17 vs 16","adni","_orientation","MOCA_ORIENTATION.bl","-0.00446179193729802","0.260626315822603","-0.00927133421680653","0.071018052957197"
"550","model 17 vs 16","adni","_orientation","CDORIENT.bl","-0.00463590318441575","0.0171786489635164","-0.00555575191035269","0.026494085549981"
"551","model 17 vs 16","adni","_orientation","COMBINED PVALUES","4","0.0491153503561796","4","0.0161273280842974"
"552","model 17 vs 16","adni","_visuospatial","EcogSPVisspat.bl","-0.00662518979978689","0.0874349840078841","-0.00341927034591781","0.496575300765504"
"553","model 17 vs 16","adni","_visuospatial","ADAS_VISUOSPATIAL.bl","-0.00510892092586843","0.23397692022366","-0.00204033624167028","0.711016238724112"
"554","model 17 vs 16","adni","_visuospatial","MOCA_VISUOSPATIAL.bl","0.0138193075217307","0.0647682490556159","0.0122483141321086","0.204201907059524"
"555","model 17 vs 16","adni","_visuospatial","COMBINED PVALUES","3","0.0188742667028396","3","0.436029824814835"
"556","model 17 vs 16","adni","_execfunc","EcogSPEF.bl","-0.00655391509724758","0.143619282144054","-0.000988790064502889","0.866997708372514"
"557","model 17 vs 16","adni","_execfunc","MMSE_ATTCALC.bl","-0.00547121852977433","0.400214009717096","-0.00522379441753601","0.539927473605066"
"558","model 17 vs 16","adni","_execfunc","MOCA_EF.bl","0.00205188976679592","0.881299113074558","0.00128099132052524","0.942622666724275"
"559","model 17 vs 16","adni","_execfunc","CDJUDGE.bl","-0.000399429495327812","0.847394421144039","-0.0002518669857815","0.924550534192527"
"560","model 17 vs 16","adni","_execfunc","COMBINED PVALUES","4","0.671810502921551","4","0.982701815907265"
